{
  "losses": [
    5.761637267810387,
    1.236547995173691
  ],
  "metrics": {
    "both": {
      "optimistic": {
        "adjusted_arithmetic_mean_rank": 0.9765505759749162,
        "adjusted_arithmetic_mean_rank_index": 0.02345252838250056,
        "adjusted_geometric_mean_rank_index": 0.029803672526910963,
        "adjusted_hits_at_k": 7.253403737590063e-05,
        "adjusted_inverse_harmonic_mean_rank": 4.589343718577302e-05,
        "arithmetic_mean_rank": 7377.5590327318505,
        "count": 95320.0,
        "geometric_mean_rank": 5394.531297844505,
        "harmonic_mean_rank": 1386.9635350430706,
        "hits_at_1": 6.29458665547629e-05,
        "hits_at_10": 0.0007343684431389006,
        "hits_at_3": 0.00022031053294167016,
        "hits_at_5": 0.0003776751993285774,
        "inverse_arithmetic_mean_rank": 0.00013554618750772748,
        "inverse_geometric_mean_rank": 0.00018537291653114894,
        "inverse_harmonic_mean_rank": 0.0007209994889800373,
        "inverse_median_rank": 0.00013620266957232362,
        "median_absolute_deviation": 5478.956498487452,
        "median_rank": 7342.0,
        "standard_deviation": 4302.123214052114,
        "variance": 18508264.148886096,
        "z_arithmetic_mean_rank": 12.54046226859407,
        "z_geometric_mean_rank": 9.216400719231501,
        "z_hits_at_k": 0.8701611184463713,
        "z_inverse_harmonic_mean_rank": 1.3598919491008807
      },
      "pessimistic": {
        "adjusted_arithmetic_mean_rank": 0.9765518563255907,
        "adjusted_arithmetic_mean_rank_index": 0.023451247862326552,
        "adjusted_geometric_mean_rank_index": 0.029801655616843337,
        "adjusted_hits_at_k": 7.253403737590063e-05,
        "adjusted_inverse_harmonic_mean_rank": 4.589167350842107e-05,
        "arithmetic_mean_rank": 7377.568705413344,
        "count": 95320.0,
        "geometric_mean_rank": 5394.542510283954,
        "harmonic_mean_rank": 1386.966925490217,
        "hits_at_1": 6.29458665547629e-05,
        "hits_at_10": 0.0007343684431389006,
        "hits_at_3": 0.00022031053294167016,
        "hits_at_5": 0.0003776751993285774,
        "inverse_arithmetic_mean_rank": 0.0001355460097940183,
        "inverse_geometric_mean_rank": 0.00018537253123756788,
        "inverse_harmonic_mean_rank": 0.0007209977264934092,
        "inverse_median_rank": 0.00013620266957232362,
        "median_absolute_deviation": 5478.956498487452,
        "median_rank": 7342.0,
        "standard_deviation": 4302.123166383454,
        "variance": 18508263.7387332,
        "z_arithmetic_mean_rank": 12.5397775528711,
        "z_geometric_mean_rank": 9.215777015847948,
        "z_hits_at_k": 0.8701611184463713,
        "z_inverse_harmonic_mean_rank": 1.3598396886737056
      },
      "realistic": {
        "adjusted_arithmetic_mean_rank": 0.9765512934599311,
        "adjusted_arithmetic_mean_rank_index": 0.02345181080250125,
        "adjusted_geometric_mean_rank_index": 0.0298031541367626,
        "adjusted_hits_at_k": 7.253403737590063e-05,
        "adjusted_inverse_harmonic_mean_rank": 4.589256916543512e-05,
        "arithmetic_mean_rank": 7377.564453125,
        "count": 95320.0,
        "geometric_mean_rank": 5394.5341796875,
        "harmonic_mean_rank": 1386.9652099609375,
        "hits_at_1": 6.29458665547629e-05,
        "hits_at_10": 0.0007343684431389006,
        "hits_at_3": 0.00022031053294167016,
        "hits_at_5": 0.0003776751993285774,
        "inverse_arithmetic_mean_rank": 0.00013554608449339867,
        "inverse_geometric_mean_rank": 0.00018537281721364707,
        "inverse_harmonic_mean_rank": 0.000720998621545732,
        "inverse_median_rank": 0.00013620266690850258,
        "median_absolute_deviation": 5478.95654296875,
        "median_rank": 7342.0,
        "standard_deviation": 4302.123046875,
        "variance": 18508264.0,
        "z_arithmetic_mean_rank": 12.540078566472062,
        "z_geometric_mean_rank": 9.216240413774756,
        "z_hits_at_k": 0.8701611184463713,
        "z_inverse_harmonic_mean_rank": 1.3598662283455454
      }
    },
    "head": {
      "optimistic": {
        "adjusted_arithmetic_mean_rank": 0.9039059065351471,
        "adjusted_arithmetic_mean_rank_index": 0.09610681706854707,
        "adjusted_geometric_mean_rank_index": 0.17191734231725597,
        "adjusted_hits_at_k": 0.0006603052370441529,
        "adjusted_inverse_harmonic_mean_rank": 0.0004095238771184475,
        "arithmetic_mean_rank": 6827.587662610155,
        "count": 47660.0,
        "geometric_mean_rank": 4603.731500261517,
        "harmonic_mean_rank": 922.0940801170077,
        "hits_at_1": 0.0001258917331095258,
        "hits_at_10": 0.001321863197650021,
        "hits_at_3": 0.0003566932438103231,
        "hits_at_5": 0.0006504406210658834,
        "inverse_arithmetic_mean_rank": 0.00014646461523684114,
        "inverse_geometric_mean_rank": 0.00021721510039045383,
        "inverse_harmonic_mean_rank": 0.0010844880382195996,
        "inverse_median_rank": 0.00015403573629081948,
        "median_absolute_deviation": 5715.431552339095,
        "median_rank": 6492.0,
        "standard_deviation": 4444.3153130982655,
        "variance": 19751938.60223973,
        "z_arithmetic_mean_rank": 36.3381703282613,
        "z_geometric_mean_rank": 37.59355374491082,
        "z_hits_at_k": 5.600806673582582,
        "z_inverse_harmonic_mean_rank": 8.579879129960043
      },
      "pessimistic": {
        "adjusted_arithmetic_mean_rank": 0.9039071787702649,
        "adjusted_arithmetic_mean_rank_index": 0.09610554466497556,
        "adjusted_geometric_mean_rank_index": 0.17191556309602352,
        "adjusted_hits_at_k": 0.0006603052370441529,
        "adjusted_inverse_harmonic_mean_rank": 0.00040952259304419866,
        "arithmetic_mean_rank": 6827.597272345783,
        "count": 47660.0,
        "geometric_mean_rank": 4603.7413897061715,
        "harmonic_mean_rank": 922.0951711748262,
        "hits_at_1": 0.0001258917331095258,
        "hits_at_10": 0.001321863197650021,
        "hits_at_3": 0.0003566932438103231,
        "hits_at_5": 0.0006504406210658834,
        "inverse_arithmetic_mean_rank": 0.000146464409090202,
        "inverse_geometric_mean_rank": 0.00021721463378372428,
        "inverse_harmonic_mean_rank": 0.00108448675501241,
        "inverse_median_rank": 0.00015403573629081948,
        "median_absolute_deviation": 5715.431552339095,
        "median_rank": 6492.0,
        "standard_deviation": 4444.3160533472865,
        "variance": 19751945.182040397,
        "z_arithmetic_mean_rank": 36.33768923005084,
        "z_geometric_mean_rank": 37.59316467858321,
        "z_hits_at_k": 5.600806673582582,
        "z_inverse_harmonic_mean_rank": 8.579852227494852
      },
      "realistic": {
        "adjusted_arithmetic_mean_rank": 0.9039065185150916,
        "adjusted_arithmetic_mean_rank_index": 0.09610620500757172,
        "adjusted_geometric_mean_rank_index": 0.1719162101891426,
        "adjusted_hits_at_k": 0.0006603052370441529,
        "adjusted_inverse_harmonic_mean_rank": 0.00040952325805628464,
        "arithmetic_mean_rank": 6827.59228515625,
        "count": 47660.0,
        "geometric_mean_rank": 4603.73779296875,
        "harmonic_mean_rank": 922.0946044921875,
        "hits_at_1": 0.0001258917331095258,
        "hits_at_10": 0.001321863197650021,
        "hits_at_3": 0.0003566932438103231,
        "hits_at_5": 0.0006504406210658834,
        "inverse_arithmetic_mean_rank": 0.00014646451745647937,
        "inverse_geometric_mean_rank": 0.00021721480879932642,
        "inverse_harmonic_mean_rank": 0.0010844874195754528,
        "inverse_median_rank": 0.00015403573343064636,
        "median_absolute_deviation": 5715.431640625,
        "median_rank": 6492.0,
        "standard_deviation": 4444.31591796875,
        "variance": 19751942.0,
        "z_arithmetic_mean_rank": 36.33793890684245,
        "z_geometric_mean_rank": 37.593306179897866,
        "z_hits_at_k": 5.600806673582582,