{
    "0": {
        "test_roc_auc": [
            0.5023790642347343
        ],
        "test_f1": [
            0.7659574468085106
        ],
        "test_accuracy": [
            0.6308724832214765
        ],
        "test_auprc": [
            0.6520896819977197
        ],
        "0": []
    },
    "1": {
        "test_roc_auc": [
            0.5195281522601111
        ],
        "test_f1": [
            0.75
        ],
        "test_accuracy": [
            0.6241610738255033
        ],
        "test_auprc": [
            0.6600220862518803
        ],
        "0": []
    },
    "2": {
        "test_roc_auc": [
            0.5466891356066614
        ],
        "test_f1": [
            0.7914893617021277
        ],
        "test_accuracy": [
            0.6711409395973155
        ],
        "test_auprc": [
            0.6729684524651118
        ],
        "0": []
    },
    "3": {
        "test_roc_auc": [
            0.5281522601110229
        ],
        "test_f1": [
            0.7916666666666666
        ],
        "test_accuracy": [
            0.6644295302013423
        ],
        "test_auprc": [
            0.6640608405639887
        ],
        "0": []
    },
    "4": {
        "test_roc_auc": [
            0.5272435897435898
        ],
        "test_f1": [
            0.7829787234042553
        ],
        "test_accuracy": [
            0.6554054054054054
        ],
        "test_auprc": [
            0.6613195929742692
        ],
        "0": []
    }
}